Name,Email
sukanth,sukanthr.22it@kongu.edu
pradheep,pradheeps.22it@kongu.edu
muralikarthick,muralikarthickm.22it@kongu.edu
naveenkumar,naveenkumarr.22it@kongu.edu
varun,varunm.22it@kongu.edu
mukil,mukild.22it@kongu.edu